{"name":"66121f06-f49d-4029-87c5-aee218c2ccb1","id":"/providers/Microsoft.Flow/flows/66121f06-f49d-4029-87c5-aee218c2ccb1","type":"Microsoft.Flow/flows","properties":{"apiId":"/providers/Microsoft.PowerApps/apis/shared_logicflows","displayName":"Email Signature","definition":{"metadata":{"workflowEntityId":null,"flowclientsuspensionreason":"None","flowclientsuspensiontime":null,"creator":{"id":"a19c03c3-e793-4a83-a608-c9f30987ab7f","type":"User","tenantId":"2cf71488-807b-4902-950d-b44cd6127977"},"provisioningMethod":"FromDefinition","failureAlertSubscription":true,"clientLastModifiedTime":"2021-01-21T11:26:22.5444069Z"},"$schema":"https://schema.management.azure.com/providers/Microsoft.Logic/schemas/2016-06-01/workflowdefinition.json#","contentVersion":"1.0.0.0","parameters":{"$connections":{"defaultValue":{},"type":"Object"},"$authentication":{"defaultValue":{},"type":"SecureObject"}},"triggers":{"manual":{"type":"Request","kind":"PowerApp","inputs":{"schema":{"type":"object","properties":{"Sendanemail(V2)_To":{"type":"string","format":"email","description":"Specify email addresses separated by semicolons like someone@contoso.com","x-ms-powerflows-param-ispartial":false},"Sendanemail(V2)_Body":{"type":"string","format":"html","description":"Specify the body of the mail. This parameter is used as part of \"254A4019-4BD9-4CEF-8EAD-02D8B23B8E5F\"","x-ms-powerflows-param-ispartial":true}},"required":["Sendanemail(V2)_To","Sendanemail(V2)_Body"]}}}},"actions":{"Send_an_email_(V2)":{"runAfter":{},"type":"OpenApiConnection","inputs":{"host":{"apiId":"/providers/Microsoft.PowerApps/apis/shared_office365","connectionName":"shared_office365","operationId":"SendEmailV2"},"parameters":{"emailMessage/To":"@triggerBody()['Sendanemail(V2)_To']","emailMessage/Subject":"Email Signature","emailMessage/Body":"<p>Hi,<br>\n<br>\nBelow is your Email Signature:<br>\n<br>\n@{triggerBody()['Sendanemail(V2)_Body']}<br>\n<br>\nThanks,<br>\nA&amp;B plc</p>"},"authentication":{"value":"@json(decodeBase64(triggerOutputs().headers['X-MS-APIM-Tokens']))['$ConnectionKey']","type":"Raw"}}}}},"connectionReferences":{"shared_office365":{"connectionName":"shared-office365-3cf9501b-4a98-4ec5-817f-1385703f33be","source":"Invoker","id":"/providers/Microsoft.PowerApps/apis/shared_office365","tier":"NotSpecified"}},"flowFailureAlertSubscribed":false}}