{"schemaVersion":"1.0","appDefinitionTemplate":{"id":"/providers/Microsoft.PowerApps/apps/","type":"Microsoft.PowerApps/apps","tags":{"primaryDeviceWidth":"1366","primaryDeviceHeight":"768","sienaVersion":"20210122T055132Z-3.20124.17.0","deviceCapabilities":"","supportsPortrait":"false","supportsLandscape":"true","primaryFormFactor":"Tablet","publisherVersion":"3.20124.17","minimumRequiredApiVersion":"2.2.0","hasComponent":"false","hasUnlockedComponent":"false","isUnifiedRootApp":"false"},"properties":{"appVersion":"2021-01-22T05:51:32Z","lifeCycleId":"Published","createdByClientVersion":{"major":3,"minor":20124,"build":17,"revision":0,"majorRevision":0,"minorRevision":0},"minClientVersion":{"major":3,"minor":20124,"build":17,"revision":0,"majorRevision":0,"minorRevision":0},"backgroundColor":"rgba(0, 176, 240, 1)","backgroundImageUri":"/7441624753319876923/N4e180cf2-00e3-4755-900e-c3dd28bfc4b2-logoSmallFile","displayName":"Demo App","description":"","commitMessage":"","appUris":{"documentUri":{"value":"/7441624753319876923/Ne4fab3cb-f036-457f-b439-fed134beed66-document.msapp"},"imageUris":[]},"createdTime":"0001-01-01T00:00:00Z","lastModifiedTime":"0001-01-01T00:00:00Z","sharedGroupsCount":0,"sharedUsersCount":0,"icons":{"smallIconUri":"/7441624753319876923/Nfb949cd8-9ef7-41ba-b55b-2e6fb55aff05-small.png","mediumIconUri":"/7441624753319876923/Nb21987d8-4a96-4812-a34a-2ea75b837da3-medium.png","largeIconUri":"/7441624753319876923/Nfa5661e8-e344-4804-a879-2eb1e95fe756-large.png","wideIconUri":"/7441624753319876923/N5d23d4e9-94e1-4d4a-8ea1-4c748308fcbf-wide.png"},"connectionReferences":{"07552ed7-5578-4565-8b00-e13c1f80eeed":{"id":"7928aadb-1479-458f-af2c-310dc3b8ba50","displayName":"Logic flows","iconUri":"https://resourcestackdeploy.blob.core.windows.net/scripts/13276078.png","dataSources":["PowerApp->Sendanemail(V2)"],"dependencies":["0f956e51-3957-425f-8395-2b9bec05d16f"],"dependents":[],"parameterHints":{"workflowName":{"value":"051fd5f3-cba9-44f4-8e40-3d97e19c4e12"},"0f956e51-3957-425f-8395-2b9bec05d16f":{"value":"shared_office365"}},"isOnPremiseConnection":false,"bypassConsent":false,"dataSets":{},"apiTier":"Standard","isCustomApiConnection":false,"actions":["Run"]},"0f956e51-3957-425f-8395-2b9bec05d16f":{"id":"6726ad66-d6d3-48f0-982c-314ebdd01278","displayName":"Office 365 Outlook","iconUri":"https://connectoricons-prod.azureedge.net/releases/v1.0.1431/1.0.1431.2301/office365/icon.png","dataSources":[],"dependencies":[],"dependents":["07552ed7-5578-4565-8b00-e13c1f80eeed"],"parameterHints":{},"isOnPremiseConnection":false,"bypassConsent":false,"dataSets":{},"apiTier":"Standard","isCustomApiConnection":false}},"databaseReferences":{},"almMode":"Environment","performanceOptimizationEnabled":true,"canConsumeAppPass":true,"executionRestrictions":{"isTeamsOnly":false,"dataLossPreventionEvaluationResult":{"status":"Compliant","lastEvaluationDate":"2021-01-20T12:09:45.2001833Z","violationDetails":[]}}},"isAppComponentLibrary":false,"appType":"ClassicCanvasApp","appComponents":[]}}