{"schemaVersion":"1.0","appDefinitionTemplate":{"id":"/providers/Microsoft.PowerApps/apps/","type":"Microsoft.PowerApps/apps","tags":{"primaryDeviceWidth":"1366","primaryDeviceHeight":"768","sienaVersion":"20210131T123850Z-3.21013.19.0","deviceCapabilities":"","supportsPortrait":"false","supportsLandscape":"true","primaryFormFactor":"Tablet","publisherVersion":"3.21013.19","minimumRequiredApiVersion":"2.2.0","hasComponent":"false","hasUnlockedComponent":"false","isUnifiedRootApp":"false"},"properties":{"appVersion":"2021-01-31T12:38:50Z","lifeCycleId":"Published","createdByClientVersion":{"major":3,"minor":21013,"build":19,"revision":0,"majorRevision":0,"minorRevision":0},"minClientVersion":{"major":3,"minor":21013,"build":19,"revision":0,"majorRevision":0,"minorRevision":0},"backgroundColor":"rgba(0, 176, 240, 1)","backgroundImageUri":"/7441624753319876923/Nc89fe33b-ada7-481f-b17a-8becbaefa6c2-logoSmallFile","displayName":"Demo App","description":"","commitMessage":"","appUris":{"documentUri":{"value":"/7441624753319876923/Nbe57d5a1-b3cd-4c5c-9509-c9f0d163c41d-document.msapp"},"imageUris":[]},"createdTime":"0001-01-01T00:00:00Z","lastModifiedTime":"0001-01-01T00:00:00Z","sharedGroupsCount":0,"sharedUsersCount":0,"icons":{"smallIconUri":"/7441624753319876923/Nabf70dd0-fe7a-4a18-9c4c-90fe6dc1f469-small.png","mediumIconUri":"/7441624753319876923/Naec06c79-28c3-4fd8-a98c-91956b192abc-medium.png","largeIconUri":"/7441624753319876923/N299cdc5e-4c67-493b-bbcb-180817f8e3a8-large.png","wideIconUri":"/7441624753319876923/Ndb668d0c-813e-4ad5-b817-0651a4f3f879-wide.png"},"connectionReferences":{"07552ed7-5578-4565-8b00-e13c1f80eeed":{"id":"7928aadb-1479-458f-af2c-310dc3b8ba50","displayName":"Logic flows","iconUri":"https://resourcestackdeploy.blob.core.windows.net/scripts/13276078.png","dataSources":["PowerApp->Sendanemail(V2)"],"dependencies":["0f956e51-3957-425f-8395-2b9bec05d16f"],"dependents":[],"parameterHints":{"workflowName":{"value":"051fd5f3-cba9-44f4-8e40-3d97e19c4e12"},"0f956e51-3957-425f-8395-2b9bec05d16f":{"value":"shared_office365"}},"isOnPremiseConnection":false,"bypassConsent":false,"dataSets":{},"apiTier":"Standard","isCustomApiConnection":false,"actions":["Run"]},"0f956e51-3957-425f-8395-2b9bec05d16f":{"id":"6726ad66-d6d3-48f0-982c-314ebdd01278","displayName":"Office 365 Outlook","iconUri":"https://connectoricons-prod.azureedge.net/releases/v1.0.1431/1.0.1431.2301/office365/icon.png","dataSources":[],"dependencies":[],"dependents":["07552ed7-5578-4565-8b00-e13c1f80eeed"],"parameterHints":{},"isOnPremiseConnection":false,"bypassConsent":false,"dataSets":{},"apiTier":"Standard","isCustomApiConnection":false}},"databaseReferences":{},"almMode":"Environment","performanceOptimizationEnabled":true,"canConsumeAppPass":true,"executionRestrictions":{"isTeamsOnly":false,"dataLossPreventionEvaluationResult":{"status":"Compliant","lastEvaluationDate":"2021-01-20T12:09:45.2001833Z","violationDetails":[]}}},"isAppComponentLibrary":false,"appType":"ClassicCanvasApp","appComponents":[]}}